{
    "lidar_config": [
        {
            "broadcast_code": "1PQDH5B00103151",
            "enable_connect": false,
            "enable_fan": true,
            "return_mode": 0,
            "coordinate": 0,
            "imu_rate": 1,
            "extrinsic_parameter_source": 0
        },
        {
            "broadcast_code": "0TFDG3U99101431",
            "enable_connect": false
            "enable_fan": true,
            "return_mode": 0,
            "coordinate": 0,
            "imu_rate": 1,
            "extrinsic_parameter_source": 0
        },
        {
            "broadcast_code": "1PQDH5B00103151",
            "enable_connect": false,
            "enable_fan": true,
            "return_mode": 0,
            "coordinate": 0,
            "imu_rate": 1,
            "extrinsic_parameter_source": 0
        },
    ],
	
    "timesync_config": {
        "enable_timesync": false,
        "device_name": "/dev/ttyUSB0",
        "comm_device_type": 0,
        "baudrate_index": 2,
        "parity_index": 0     
    }
}
